{
  "mod/mcreator/mcreator_surHelperMainCommand$CommandHandler": {
    "name": "mod/mcreator/mcreator_surHelperMainCommand$CommandHandler",
    "interfaces": [
      "net/minecraft/command/ICommand"
    ]
  },
  "mod/mcreator/shelp": {
    "name": "mod/mcreator/shelp",
    "interfaces": [
      "net/minecraftforge/fml/common/IFuelHandler",
      "net/minecraftforge/fml/common/IWorldGenerator"
    ],
    "annotations": [
      {
        "type": "CLASS",
        "name": "Lnet/minecraftforge/fml/common/Mod;",
        "target": "mod/mcreator/shelp",
        "values": {
          "acceptedMinecraftVersions": {
            "value": "[1.12.2]"
          },
          "dependencies": {
            "value": "required-after:forge@[14.23.5.2768]"
          },
          "modid": {
            "value": "shelp"
          },
          "version": {
            "value": "1.0.0"
          }
        }
      },
      {
        "type": "FIELD",
        "name": "Lnet/minecraftforge/fml/common/SidedProxy;",
        "target": "proxy",
        "values": {
          "clientSide": {
            "value": "mod.mcreator.ClientProxyshelp"
          },
          "serverSide": {
            "value": "mod.mcreator.CommonProxyshelp"
          }
        }
      },
      {
        "type": "FIELD",
        "name": "Lnet/minecraftforge/fml/common/Mod$Instance;",
        "target": "instance",
        "value": {
          "value": "shelp"
        }
      },
      {
        "type": "METHOD",
        "name": "Lnet/minecraftforge/fml/common/Mod$EventHandler;",
        "target": "load(Lnet/minecraftforge/fml/common/event/FMLInitializationEvent;)V"
      },
      {
        "type": "METHOD",
        "name": "Lnet/minecraftforge/fml/common/Mod$EventHandler;",
        "target": "serverLoad(Lnet/minecraftforge/fml/common/event/FMLServerStartingEvent;)V"
      },
      {
        "type": "METHOD",
        "name": "Lnet/minecraftforge/fml/common/Mod$EventHandler;",
        "target": "preInit(Lnet/minecraftforge/fml/common/event/FMLPreInitializationEvent;)V"
      }
    ]
  },
  "mod/mcreator/shelp$GuiHandler": {
    "name": "mod/mcreator/shelp$GuiHandler",
    "interfaces": [
      "net/minecraftforge/fml/common/network/IGuiHandler"
    ]
  }
}