{
  "mod/mcreator/ClientProxyshelp": 52,
  "mod/mcreator/CommonProxyshelp": 52,
  "mod/mcreator/mcreator_VarListshelp": 52,
  "mod/mcreator/mcreator_create": 52,
  "mod/mcreator/mcreator_openGui": 52,
  "mod/mcreator/mcreator_surHelperMainCommand": 52,
  "mod/mcreator/mcreator_surHelperMainCommand$CommandHandler": 52,
  "mod/mcreator/mcreator_survivalHelperMainGUI": 52,
  "mod/mcreator/mcreator_survivalHelperMainGUI$GuiContainerMod": 52,
  "mod/mcreator/mcreator_survivalHelperMainGUI$GuiWindow": 52,
  "mod/mcreator/mcreator_survivalHelperMainGUIOnButton2Clicked": 52,
  "mod/mcreator/mcreator_survivalHelperMainGUIOnButton3Clicked": 52,
  "mod/mcreator/mcreator_survivalHelperMainGUIOnButton4Clicked": 52,
  "mod/mcreator/mcreator_survivalHelperMainGUIOnButton5Clicked": 52,
  "mod/mcreator/mcreator_survivalHelperMainGUIOnButtonClicked": 52,
  "mod/mcreator/shelp": 52,
  "mod/mcreator/shelp$GuiHandler": 52,
  "mod/mcreator/shelp$ModElement": 52
}